[
  {
    "key":"1-en",
    "description":"MD",
    "ic4proLanguage":"en",
    "recordDate":"20200603",
    "recordTime":"10:30:40",
    "operator":"adroit",
    "operation":"edit",
    "workstation":"11.20.10.1",
    "recordCounter":"1"
    },
      {
    "key":"2-en",
    "description":"GMOPS",
    "ic4proLanguage":"en",
    "recordDate":"20200603",
    "recordTime":"10:30:40",
    "operator":"adroit",
    "operation":"edit",
    "workstation":"11.20.10.1",
    "recordCounter":"1"
    },
    {
    "key":"3-en",
    "description":"GM",
    "ic4proLanguage":"en",
    "recordDate":"20200603",
    "recordTime":"10:30:40",
    "operator":"adroit",
    "operation":"edit",
    "workstation":"11.20.10.1",
    "recordCounter":"1"
    },
    {
    "key":"4-en",
    "description":"Region",
    "ic4proLanguage":"en",
    "recordDate":"20200603",
    "recordTime":"10:30:40",
    "operator":"adroit",
    "operation":"edit",
    "workstation":"11.20.10.1",
    "recordCounter":"1"
    },
    {
    "key":"5-en",
    "description":"Head Office",
    "ic4proLanguage":"en",
    "recordDate":"20200603",
    "recordTime":"10:30:40",
    "operator":"adroit",
    "operation":"edit",
    "workstation":"11.20.10.1",
    "recordCounter":"1"
    },
    {
    "key":"6-en",
    "description":"Client",
    "ic4proLanguage":"en",
    "recordDate":"20200603",
    "recordTime":"10:30:40",
    "operator":"adroit",
    "operation":"edit",
    "workstation":"11.20.10.1",
    "recordCounter":"1"
    }
]