[
    {
      "ic4prokey":"riskLow",
      "ic4prodescription":"Low",
      "indicator":"1",
      "recordDate":"20200603",
      "recordTime":"10:30:40",
      "operator":"adroit",
      "operation":"edit",
      "workstation":"11.20.10.1",
      "recordCounter":"1"
      },
      {
      "ic4prokey":"riskMedium",
      "ic4prodescription":"Medium",
      "indicator":"2",
      "recordDate":"20200603",
      "recordTime":"10:30:40",
      "operator":"adroit",
      "operation":"edit",
      "workstation":"11.20.10.1",
      "recordCounter":"1"
      },
      {
      "ic4prokey":"riskHigh",
      "ic4prodescription":"High",
      "indicator":"3",
      "recordDate":"20200603",
      "recordTime":"10:30:40",
      "operator":"adroit",
      "operation":"edit",
      "workstation":"11.20.10.1",
      "recordCounter":"1"
      },
      {
      "ic4prokey":"riskEffective",
      "ic4prodescription":"Effective",
      "indicator":"4",
      "recordDate":"20200603",
      "recordTime":"10:30:40",
      "operator":"adroit",
      "operation":"edit",
      "workstation":"11.20.10.1",
      "recordCounter":"1"
      },
      {
      "ic4prokey":"riskInEffective",
      "ic4prodescription":"In Effective",
      "indicator":"0",
      "recordDate":"20200603",
      "recordTime":"10:30:40",
      "operator":"adroit",
      "operation":"edit",
      "workstation":"11.20.10.1",
      "recordCounter":"1"
      }
  ]