[
	{
	  "coverage_id":"0001*BSM",
	  "coverage_desc":"BRANCH",
	  "coverage_area":"0001", 
	  "key":"Cluster-one",
	  "cluster_name":"Cluster One",
	  "branch_mnemonic":"Head office of Adroit Solutions",
	  "branch_address":"3 Kofo Abayomi Street",
	  "branch_street":"3 Kofo Abayomi Street",
	  "branch_county":"Eti Osa",
	  "ic4prolanguage":"en",
	  "officer_ID":"ponle@adroit.com",
	  "relationship":"Zone-one",
	  "designate":"ICO",
	  "keyOfficers":[
		  {                  
		   "staffName":"femi.ademola@test.com"
		},
		{
		 "staffName":"kehinde@test.com" 
		}
	 ],
  
	 "branches": [ 
		{                          
			"branch":"Branch-1"
			},
			{
			 "branch":"Branch-3"
			}
  ],
	  "branch_state":"Lagos",
	  "branch_zipcode":"101245",
	  "branch_country":"Nigeria",
	  "branch_email":"tunde.chuks@gmail.com",
	  "branch_telephone":"0032674672",
	  "branch_mobilePhone":"+2348053464785",
	  "whatsapp_number":"09065463785",
	  "ott_messaging":"twitter",
	  "branch_grade":"Very Strong",
	  "branch_performance":"High",
	  "branch_cluster":"Lagos10A",
	  "recordDate":"20200603",
	  "recordTime":"103040",
	  "operator":"adroit",
	  "operation":"create",
	  "workstation":"11.20.10.1",
	  "recordCounter":"1"
	},
	{
	  "coverage_id":"1-en*MANAGER", 
	  "coverage_area":"1-en",
	  "coverage_desc":"ALL BRANCHES",
	  "key":"Cluster-two",
	  "cluster_name":"Cluster Two",
	  "branch_mnemonic":"Head office of Adroit Solutions",
	  "branch_address":"82 Ahmed Tani Street",
	  "branch_street":"82 Ahmed Tani Street",
	  "branch_county":"Abeokuta North",
	  "ic4prolanguage":"en",
	  "officer_ID":"ibk@adroit.com",
	  "relationship":"Zone-two",
	  "designate":"HEADTELLER",
	  "keyOfficers":[
		  {                  
		   "staffName":"ibkakin@test.com"
		   },
		   {
			"staffName":"tayo@test.com" 
		   },
		   {
			   "staffName":"princess@test.com"
		}
	 ],
	 "branches": [ 
		{                          
			"branch":"Branch-2"
			},
			{
			 "branch":"Branch-4"
			}
  ],
	  "branch_state":"Ogun",
	  "branch_zipcode":"101245",
	  "branch_country":"Nigeria",
	  "region":"region2",
	  "branch_email":"femi.gbengi@gmail.com",
	  "branch_telephone":"0032674672",
	  "branch_mobilePhone":"08053464785",
	  "whatsapp_number":"09065463785",
	  "ott_messaging":"twitter",
	  "branch_grade":"Good",
	  "branch_performance":"Low",
	  "branch_cluster":"Ogun10A",
	  "recordDate":"20200603",
	  "recordTime":"103040",
	  "operator":"adroit",
	  "operation":"create",
	  "workstation":"11.20.10.1",
	  "recordCounter":"1"
	},
	{
	  "coverage_id":"1-en*MANAGER", 
	  "coverage_area":"1-en",
	  "coverage_desc":"ALL BRANCHES",
	  "key":"Cluster-three",
	  "cluster_name":"Cluster Three",
	  "branch_mnemonic":"Head office of Adroit Solutions",
	  "branch_address":"82 gariki Street",
	  "branch_street":"82 gariki Street",
	  "branch_county":"Gwagwalada",
	  "ic4prolanguage":"en",
	  "officer_ID":"keni@adroit.com",
	  "relationship":"Zone-three",
	  "designate":"HEADTELLER",
	  "keyOfficers":[
		  {                   
			"staffName":"young@test.com"
		},
		{
		 "staffName":"yemi.yak@test.com" 
		}
	 ],
	 "branches": [ 
	  {                          
	  "branch":"Branch-4"
	  },
	  {
	   "branch":"Branch-5"
	  }
  ],
	  "branch_state":"Abuja",
	  "branch_zipcode":"101245",
	  "branch_country":"Nigeria",
	  "region":"region3",
	  "branch_email":"femi@gmail.com",
	  "branch_telephone":"0032674672",
	  "branch_mobilePhone":"08053464785",
	  "whatsapp_number":"09065463785",
	  "ott_messaging":"twitter",
	  "branch_grade":"Good",
	  "branch_performance":"Moderate",
	  "branch_cluster":"Abuja10A",
	  "recordDate":"20200603",
	  "recordTime":"103040",
	  "operator":"adroit",
	  "operation":"create",
	  "workstation":"11.20.10.1",
	  "recordCounter":"1"
	}
  ]