[ 
    { 
      "conditionId": "20000",
      "description": "28000",
      "status" :  "",
      "ic4proLanguage":"en",
        "catalogId": [
            {
              "fieldName": "",
              "fieldOperator": "",
              "value": "23.00",
              "fieldOperand": ""
            },
            {
              "fieldName": "",
              "fieldOperator": "",
              "value": "45.00",
              "fieldOperand": "AND"
            }
        ],
      "recordDate":"20200603",
      "recordTime":"10:30:40",
      "operator":"adroit",
      "operation":"edit",
      "workstation":"11.20.10.1",
      "recordCounter":"1" 
      },
      { 
      "conditionId": "30000",
      "description": "45000",
      "status" :  "",
      "ic4proLanguage":"en",
        "catalogId": [
            {
              "fieldName": "",
              "fieldOperator": "",
              "value": "23.00",
              "fieldOperand": ""
            },
            {
              "fieldName": "",
              "fieldOperator": "",
              "value": "45.00",
              "fieldOperand": "AND"
            }
        ],
      "recordDate":"20200603",
      "recordTime":"10:30:40",
      "operator":"adroit",
      "operation":"edit",
      "workstation":"11.20.10.1",
      "recordCounter":"1" 
      }
    ]