[
  {
    "branchId": "001",
    "userid": "femi.ademola@test.com",
    "user_email":"femi@gmail.com",
    "user_pwd":"xxxxxxxxxx",
    "title":"Mr",
    "firstName":"Femi",
    "middleName":"Samuel",
    "lastName":"Ademola",
    "fullName":"Mr Femi Ademola",
    "audit_role": "reviewer",
    "other_user_id":"wole2345",
    "officer_mobile":"09063547281",
    "whatsapp_number":"09063547281",
    "ott_messaging":"telegram",
    "dashboard_url":"/anomalyanalytics",
    "gradelevel":"ic4SM",
    "designate":"ICO",
    "coverage":[
            {
              "coverage_id":"Fidelity1003"
            }
    ],
    
    "start_time":"10:37",
    "end_time":"10:37",
    "pwd_expire_date":"20200720",
    "block_date_time":"20210720",
    "blocked_reason":"Violation",
    "no_attempt":"2",
    "login_status":"Locked",
    "memorable_date":"20200825",
    "otp_code":"xxxxxx",
    "last_login_date":"20200711",
    "last_login_time":"18:16",
    "last_login_ip":"192.31.10.2",
    "recordDate":"20200603",
    "recordTime":"10:30:40",
    "operator":"adroit",
    "operation":"edit",
    "workstation":"11.20.10.1",
    "recordCounter":"1"
 },
 {
  "branchId": "001",
  "userid": "kehinde@test.com",
  "user_email":"kehinde@gmail.com",
  "user_pwd":"xxxxxxxxxx",
  "title":"Mr",
  "firstName":"Kehinde",
  "middleName":"Matthew",
  "lastName":"Prince",
  "fullName":"Mr Kehinde Prince",
  "audit_role": "reviewer",
  "other_user_id":"prince2347",
  "officer_mobile":"09063547281",
  "whatsapp_number":"09063547281",
  "ott_messaging":"telegram",
  "dashboard_url":"/anomalyanalytics",
  "gradelevel":"ic4SM",
  "designate":"ICO",
  "coverage":[
          {
            "coverage_id":"Fidelity1003"
          }
  ],
  
  "start_time":"10:37",
  "end_time":"10:37",
  "pwd_expire_date":"20200720",
  "block_date_time":"20210720",
  "blocked_reason":"Violation",
  "no_attempt":"2",
  "login_status":"Locked",
  "memorable_date":"20200825",
  "otp_code":"xxxxxx",
  "last_login_date":"20200711",
  "last_login_time":"18:16",
  "last_login_ip":"192.31.10.2",
  "recordDate":"20200603",
  "recordTime":"10:30:40",
  "operator":"adroit",
  "operation":"edit",
  "workstation":"11.20.10.1",
  "recordCounter":"1"
},
 {
    "branchId": "001",
    "userid": "joy@test.com",
    "user_email":"joy@gmail.com",
    "user_pwd":"xxxxxxxxxx",
    "title":"Mrs",
    "firstName":"Joy",
    "middleName":"Faith",
    "lastName":"Adex",
    "fullName":"Mrs Joy Adex",
    "audit_role":"auditor",
    "other_user_id":"joy2345",
    "officer_mobile":"09063547281",
    "whatsapp_number":"09063547281",
    "ott_messaging":"telegram",
    "dashboard_url":"/anomalyanalytics",
    "gradelevel":"ic4MAN",
    "designate":"HEADVAULT",
    "coverage":[
            {
              "coverage_id":"Zone011"
            }
    ],
    
    "start_time":"10:37",
    "end_time":"10:37",
    "pwd_expire_date":"20200720",
    "block_date_time":"20210720",
    "blocked_reason":"Violation",
    "no_attempt":"2",
    "login_status":"Locked",
    "memorable_date":"20200825",
    "otp_code":"xxxxxx",
    "last_login_date":"20200711",
    "last_login_time":"18:16",
    "last_login_ip":"192.31.10.2",
    "recordDate":"20200603",
    "recordTime":"10:30:40",
    "operator":"adroit",
    "operation":"edit",
    "workstation":"11.20.10.1",
    "recordCounter":"1"
 },
 {
  "branchId": "002",
   "userid": "eoliseh@test.com",
   "user_email":"eoliseh@test.com",
   "user_pwd":"xxxxxxxxxx",
   "title":"Mr",
   "firstName":"Oliseh",
   "middleName":"Skilachi",
   "lastName":"Obiajuru",
   "fullName":"Mr Oliseh Obiajuru",
   "audit_role":"approver",
   "other_user_id":"eme2345",
   "officer_mobile":"09063547281",
   "whatsapp_number":"09063547281",
   "ott_messaging":"telegram",
   "dashboard_url":"/anomalyanalytics",
   "gradelevel":"ic4SM",
   "designate":"HEADTELLER",
   "coverage":[
           {
             "coverage_id":"Zone011"
           }
   ],
   
   "start_time":"10:37",
   "end_time":"10:37",
   "pwd_expire_date":"20200720",
   "block_date_time":"20210720",
   "blocked_reason":"Violation",
   "no_attempt":"2",
   "login_status":"Locked",
   "memorable_date":"20200825",
   "otp_code":"xxxxxx",
   "last_login_date":"20200711",
   "last_login_time":"18:16",
   "last_login_ip":"192.31.10.2",
   "recordDate":"20200603",
   "recordTime":"10:30:40",
   "operator":"adroit",
   "operation":"edit",
   "workstation":"11.20.10.1",
   "recordCounter":"1"
},
{
 "branchId": "001",
 "userid": "ibkakin@test.com",
 "user_email":"ibkakin@test.com",
 "user_pwd":"xxxxxxxxxx",
 "title":"Mr",
 "firstName":"Ibk",
 "middleName":"Teye",
 "lastName":"Akin",
 "fullName":"Mr Ibk Akin",
 "audit_role":"approver",
 "other_user_id":"loye1234",
 "officer_mobile":"09063547281",
 "whatsapp_number":"09063547281",
 "ott_messaging":"telegram",
 "dashboard_url":"/anomalyanalytics",
 "gradelevel":"ic4GM",
 "designate":"COO",
 "coverage":[
         {
           "coverage_id":"Zone015"
         }
 ],
 
 "start_time":"10:37",
 "end_time":"10:37",
 "pwd_expire_date":"20200720",
 "block_date_time":"20210720",
 "blocked_reason":"Violation",
 "no_attempt":"2",
 "login_status":"Locked",
 "memorable_date":"20200825",
 "otp_code":"xxxxxx",
 "last_login_date":"20200711",
 "last_login_time":"18:16",
 "last_login_ip":"192.31.10.2",
 "recordDate":"20200603",
 "recordTime":"10:30:40",
 "operator":"adroit",
 "operation":"edit",
 "workstation":"11.20.10.1",
 "recordCounter":"1"
},
{
"branchId": "001",
"userid": "tayo@test.com",
"user_email":"tayo@gmail.com",
"user_pwd":"xxxxxxxxxx",
"title":"Mr",
"firstName":"Tayo",
"middleName":"Olusegun",
"lastName":"Victor",
"fullName":"Mr Tayo Victor",
"audit_role":"reviewer",
"other_user_id":"vic2345",
"officer_mobile":"09063547281",
"whatsapp_number":"09063547281",
"ott_messaging":"telegram",
"dashboard_url":"/anomalyanalytics",
"gradelevel":"ic4MAN",
"designate":"ICO",
"coverage":[
       {
         "coverage_id":"Zone012"
       }
],

"start_time":"10:37",
"end_time":"10:37",
"pwd_expire_date":"20200720",
"block_date_time":"20210720",
"blocked_reason":"Violation",
"no_attempt":"2",
"login_status":"Locked",
"memorable_date":"20200825",
"otp_code":"xxxxxx",
"last_login_date":"20200711",
"last_login_time":"18:16",
"last_login_ip":"192.31.10.2",
"recordDate":"20200603",
"recordTime":"10:30:40",
"operator":"adroit",
"operation":"edit",
"workstation":"11.20.10.1",
"recordCounter":"1"
},
{
"branchId": "002",
"userid": "princess@test.com",
"user_email":"princess@gmail.com",
"user_pwd":"xxxxxxxxxx",
"title":"Mrs",
"firstName":"Tope",
"middleName":"Rachael",
"lastName":"Stone",
"fullName":"Mrs Tope Stone",
"audit_role":"reviewer",
"other_user_id":"princess2345",
"officer_mobile":"09063547281",
"whatsapp_number":"09063547281",
"ott_messaging":"telegram",
"dashboard_url":"/anomalyanalytics",
"gradelevel":"ic4MAN",
"designate":"BOM",
"coverage":[
       {
         "coverage_id":"Zone012"
       }
],

"start_time":"10:37",
"end_time":"10:37",
"pwd_expire_date":"20200720",
"block_date_time":"20210720",
"blocked_reason":"Violation",
"no_attempt":"2",
"login_status":"Locked",
"memorable_date":"20200825",
"otp_code":"xxxxxx",
"last_login_date":"20200711",
"last_login_time":"18:16",
"last_login_ip":"192.31.10.2",
"recordDate":"20200603",
"recordTime":"10:30:40",
"operator":"adroit",
"operation":"edit",
"workstation":"11.20.10.1",
"recordCounter":"1"
},
{
  "branchId": "002",
  "userid": "chinedu@test.com",
  "user_email":"chine@gmail.com",
  "user_pwd":"xxxxxxxxxx",
  "title":"Mr",
  "firstName":"Chinedu",
  "middleName":"Rapheal",
  "lastName":"Stan",
  "fullName":"Mr Chinedu Stan",
  "audit_role":"reviewer",
  "other_user_id":"princess2345",
  "officer_mobile":"09063547281",
  "whatsapp_number":"09063547281",
  "ott_messaging":"telegram",
  "dashboard_url":"/anomalyanalytics",
  "gradelevel":"ic4SM",
  "designate":"BOM",
  "coverage":[
         {
           "coverage_id":"Zone012"
         }
  ],
  
  "start_time":"10:37",
  "end_time":"10:37",
  "pwd_expire_date":"20200720",
  "block_date_time":"20210720",
  "blocked_reason":"Violation",
  "no_attempt":"2",
  "login_status":"Locked",
  "memorable_date":"20200825",
  "otp_code":"xxxxxx",
  "last_login_date":"20200711",
  "last_login_time":"18:16",
  "last_login_ip":"192.31.10.2",
  "recordDate":"20200603",
  "recordTime":"10:30:40",
  "operator":"adroit",
  "operation":"edit",
  "workstation":"11.20.10.1",
  "recordCounter":"1"
  },
{
"branchId": "001",
"userid": "young@test.com",
"user_email":"young@gmail.com",
"user_pwd":"xxxxxxxxxx",
"title":"Mr",
"firstName":"Young",
"middleName":"Olu",
"lastName":"Man",
"fullName":"Mr Young Man",
"audit_role":"auditor",
"other_user_id":"young2345",
"officer_mobile":"09063547281",
"whatsapp_number":"09063547281",
"ott_messaging":"telegram",
"dashboard_url":"/anomalyanalytics",
"gradelevel":"ic4MAN",
"designate":"TEAMLEAD",
"coverage":[
       {
         "coverage_id":"Zone012"
       }
],

"start_time":"10:37",
"end_time":"10:37",
"pwd_expire_date":"20200720",
"block_date_time":"20210720",
"blocked_reason":"Violation",
"no_attempt":"2",
"login_status":"Locked",
"memorable_date":"20200825",
"otp_code":"xxxxxx",
"last_login_date":"20200711",
"last_login_time":"18:16",
"last_login_ip":"192.31.10.2",
"recordDate":"20200603",
"recordTime":"10:30:40",
"operator":"adroit",
"operation":"edit",
"workstation":"11.20.10.1",
"recordCounter":"1"
},
{
"branchId": "001",
"userid": "yemi.yak@test.com",
"user_email":"ade@gmail.com",
"user_pwd":"xxxxxxxxxx",
"title":"Mr",
"firstName":"Yemi",
"middleName":"Segun",
"lastName":"Adeleke",
"fullName":"Mr Yemi Adeleke",
"audit_role":"approver",
"other_user_id":"ade2345",
"officer_mobile":"09063547281",
"whatsapp_number":"09063547281",
"ott_messaging":"telegram",
"dashboard_url":"/anomalyanalytics",
"gradelevel":"ic4OFF",
"designate":"MEMBER",
"coverage":[
       {
         "coverage_id":"Zone013"
       }
],

"start_time":"10:37",
"end_time":"10:37",
"pwd_expire_date":"20200720",
"block_date_time":"20210720",
"blocked_reason":"Violation",
"no_attempt":"2",
"login_status":"Locked",
"memorable_date":"20200825",
"otp_code":"xxxxxx",
"last_login_date":"20200711",
"last_login_time":"18:16",
"last_login_ip":"192.31.10.2",
"recordDate":"20200603",
"recordTime":"10:30:40",
"operator":"adroit",
"operation":"edit",
"workstation":"11.20.10.1",
"recordCounter":"1"
},
{
"branchId": "002",
"userid": "ayoadeleke@test.com",
"user_email":"ayoade@gmail.com",
"user_pwd":"xxxxxxxxxx",
"title":"Miss",
"firstName":"Ayo",
"middleName":"Seun",
"lastName":"Adeola",
"fullName":"Miss Ayo Adeleke",
"audit_role":"auditor",
"other_user_id":"ola2345",
"officer_mobile":"09063547281",
"whatsapp_number":"09063547281",
"ott_messaging":"telegram",
"dashboard_url":"/anomalyanalytics",
"gradelevel":"ic4MAN",
"designate":"MEMBER",
"coverage":[
       {
         "coverage_id":"Zone012"
       }
],

"start_time":"10:37",
"end_time":"10:37",
"pwd_expire_date":"20200720",
"block_date_time":"20210720",
"blocked_reason":"Violation",
"no_attempt":"2",
"login_status":"Locked",
"memorable_date":"20200825",
"otp_code":"xxxxxx",
"last_login_date":"20200711",
"last_login_time":"18:16",
"last_login_ip":"192.31.10.2",
"recordDate":"20200603",
"recordTime":"10:30:40",
"operator":"adroit",
"operation":"edit",
"workstation":"11.20.10.1",
"recordCounter":"1"
},
 {
    "branchId": "002",
    "userid": "trust@test.com",
    "user_email":"emeka@gmail.com",
    "user_pwd":"xxxxxxxxxx",
    "title":"Mr",
    "firstName":"Trust",
    "middleName":"Frank",
    "lastName":"Test",
    "fullName":"Mr Trust Test",
    "audit_role":"auditor",
    "other_user_id":"eme2345",
    "officer_mobile":"09063547281",
    "whatsapp_number":"09063547281",
    "ott_messaging":"telegram",
    "dashboard_url":"/anomalyanalytics",
    "gradelevel":"ic4SM",
    "designate":"HEADTELLER",
    "coverage":[
            {
              "coverage_id":"Zone011"
            }
    ],
    
    "start_time":"10:37",
    "end_time":"10:37",
    "pwd_expire_date":"20200720",
    "block_date_time":"20210720",
    "blocked_reason":"Violation",
    "no_attempt":"2",
    "login_status":"Locked",
    "memorable_date":"20200825",
    "otp_code":"xxxxxx",
    "last_login_date":"20200711",
    "last_login_time":"18:16",
    "last_login_ip":"192.31.10.2",
    "recordDate":"20200603",
    "recordTime":"10:30:40",
    "operator":"adroit",
    "operation":"edit",
    "workstation":"11.20.10.1",
    "recordCounter":"1"
 }

    ]