[
    {
     "ic4proOperationID":"201-en",
	 "ic4proModalId": "201",
     "ic4proFunction":"Create",
     "ic4proDescription":"Created",
     "ic4proFunctionColor": "#9DFAC6",
     "ic4proSendOTP": "xxxxxx",
     "ic4proOtpMessage":  "Memo",
     "ic4proLanguage": "en",
     "ic4proRecordDate":"20200603",
     "ic4proRecordTime":"10:30:40",
     "ic4proOperator":"adroit",
     "ic4proOperation":"Created",
     "ic4proWorkstation":"11.20.10.1",
     "ic4proRecordCounter":"1",
     "ic4proModifier": "femi",            
     "ic4proDateModified": "20210623",        
     "ic4proTimeModified": "180701",        
     "ic4proModifierTerminal": "hj1341345-18666"
    },
    {
        "ic4proOperationID":"202-en",
        "ic4proModalId": "202",
        "ic4proFunction":"Edit",
        "ic4proDescription":"Edit",
        "ic4proFunctionColor": "#9999FF",
        "ic4proSendOTP": "xxxxxx",
        "ic4proOtpMessage":  "Memo",
        "ic4proLanguage": "en",
        "ic4proRecordDate":"20200603",
        "ic4proRecordTime":"10:30:40",
        "ic4proOperator":"adroit",
        "ic4proOperation":"Created",
        "ic4proWorkstation":"11.20.10.1",
        "ic4proRecordCounter":"1",
        "ic4proModifier": "femi",            
        "ic4proDateModified": "20210623",        
        "ic4proTimeModified": "180701",        
        "ic4proModifierTerminal": "hj1341345-18666"
       },
       {
        "ic4proOperationID":"203-en",
        "ic4proModalId": "203",
        "ic4proFunction":"View",
        "ic4proDescription":"View",
        "ic4proFunctionColor": "#E0E0E0",
        "ic4proSendOTP": "xxxxxx",
        "ic4proOtpMessage":  "Memo",
        "ic4proLanguage": "en",
        "ic4proRecordDate":"20200603",
        "ic4proRecordTime":"10:30:40",
        "ic4proOperator":"adroit",
        "ic4proOperation":"Created",
        "ic4proWorkstation":"11.20.10.1",
        "ic4proRecordCounter":"1",
        "ic4proModifier": "femi",            
        "ic4proDateModified": "20210623",        
        "ic4proTimeModified": "180701",        
        "ic4proModifierTerminal": "hj1341345-18666"
       },
       {
        "ic4proOperationID":"204-en",
        "ic4proModalId": "204",
        "ic4proFunction":"Renewal",
        "ic4proDescription":"Renewal",
        "ic4proFunctionColor": "#E0E0E0",
        "ic4proSendOTP": "xxxxxx",
        "ic4proOtpMessage":  "Memo",
        "ic4proLanguage": "en",
        "ic4proRecordDate":"20200603",
        "ic4proRecordTime":"10:30:40",
        "ic4proOperator":"adroit",
        "ic4proOperation":"Created",
        "ic4proWorkstation":"11.20.10.1",
        "ic4proRecordCounter":"1",
        "ic4proModifier": "femi",            
        "ic4proDateModified": "20210623",        
        "ic4proTimeModified": "180701",        
        "ic4proModifierTerminal": "hj1341345-18666"
       },
       {
        "ic4proOperationID":"205-en",
        "ic4proModalId": "205",
        "ic4proFunction":"Delete",
        "ic4proDescription":"Delete",
        "ic4proFunctionColor": "#E66A83",
        "ic4proSendOTP": "xxxxxx",
        "ic4proOtpMessage":  "Memo",
        "ic4proLanguage": "en",
        "ic4proRecordDate":"20200603",
        "ic4proRecordTime":"10:30:40",
        "ic4proOperator":"adroit",
        "ic4proOperation":"Created",
        "ic4proWorkstation":"11.20.10.1",
        "ic4proRecordCounter":"1",
        "ic4proModifier": "femi",            
        "ic4proDateModified": "20210623",        
        "ic4proTimeModified": "180701",        
        "ic4proModifierTerminal": "hj1341345-18666"
       }
       
       
       
    
    
    

]